<?xml version="1.0" encoding="UTF-8"?>
<ontwerptekening xmlns="http://uitwisseling.sigilo.mow.vlaanderen.be">
  <bord xmlns="">
    <naam>10874_aanzicht1_bord1</naam>
    <x>0.0</x>
    <y>0.0</y>
    <breedte>3000.0</breedte>
    <hoogte>2500.0</hoogte>
    <pictogram href="10874_aanzicht1_bord1.svg">
      <x>0.0</x>
      <y>0.0</y>
      <breedte>3000.0</breedte>
      <hoogte>2500.0</hoogte>
      <code/>
      <verkeersbord>false</verkeersbord>
    </pictogram>
  </bord>
</ontwerptekening>