<?xml version="1.0" encoding="UTF-8"?>
<dataset xmlns="http://www.dlw.be">
  <uid>{7d8c4868-5e87-4625-b02e-86d67046489f}</uid>
  <omschrijving>Inventaris Vlaamse gewestwegen</omschrijving>
  <extendedformat>true</extendedformat>
  <opstelling>
    <uid>{5f93013d-62f5-4314-ac84-59f0f168e100}</uid>
    <vrijehoogte>1300.0</vrijehoogte>
    <ophanging>onbekend</ophanging>
    <coordinaat>
      <x>145414.913</x>
      <y>195956.675</y>
    </coordinaat>
    <hoek>3.4089</hoek>
    <gemeente>
      <straat>Coolhemstraat</straat>
      <gemeente>Puurs-Sint-Amands</gemeente>
      <inplanting>R</inplanting>
    </gemeente>
    <vo/>
    <bord>
      <uid>{fbe05ae1-5f2d-4b7a-90b5-f8056d622e9c}</uid>
      <type>B1</type>
      <vorm>odh</vorm>
      <afmeting1>400.0</afmeting1>
      <afmeting2>0.0</afmeting2>
      <tekensymbolen/>
      <beeldvlak>Type III</beeldvlak>
      <fabricage>
        <type>onbekend</type>
      </fabricage>
      <omschrevenRechthoek>
        <breedte>334.0</breedte>
        <hoogte>301.0</hoogte>
      </omschrevenRechthoek>
      <categorie>0</categorie>
      <voorstelling>
        <x>0.0</x>
        <y>0.0</y>
      </voorstelling>
      <opstelling>
        <x>-167.0</x>
        <y>1300.0</y>
      </opstelling>
      <afbeelding href="789725_aanzicht1_bord1.svg" wdbBord="true"/>
    </bord>
    <ontwerptekening href="opst_881146.xml"/>
    <afbeelding href="789725_aanzicht1.svg"/>
    <foto href="789725_aanzicht1_1.jpg">
      <breedte>375.0</breedte>
      <hoogte>500.0</hoogte>
    </foto>
    <dfuid>{5f93013d-62f5-4314-ac84-59f0f168e100}</dfuid>
    <categorie>0</categorie>
    <referentie>wdb_aanzicht:881146</referentie>
    <beheerder>GemeentePuurs-Sint-Amands</beheerder>
    <schaalopst>0.01</schaalopst>
    <schaalref>0.01</schaalref>
    <reflijn>
      <x>145415.1548</x>
      <y>195955.3541</y>
    </reflijn>
    <teverwijderen>false</teverwijderen>
    <historiek>
      <waarde>B</waarde>
      <refuid>{5f93013d-62f5-4314-ac84-59f0f168e100}</refuid>
      <datumhist1>2025-07-22T11:45:16.412+02:00</datumhist1>
      <datumhist2>2025-07-22T11:45:16.412+02:00</datumhist2>
      <dfrefuid>{5f93013d-62f5-4314-ac84-59f0f168e100}</dfrefuid>
    </historiek>
  </opstelling>
  <opstelling>
    <uid>{aa1b4518-2172-3608-ab82-d9df4e70dcd5}</uid>
    <vrijehoogte>900.0</vrijehoogte>
    <ophanging>onbekend</ophanging>
    <coordinaat>
      <x>145414.913</x>
      <y>195956.675</y>
    </coordinaat>
    <hoek>0.2836</hoek>
    <gemeente>
      <straat>Coolhemstraat</straat>
      <gemeente>Puurs-Sint-Amands</gemeente>
      <inplanting>R</inplanting>
    </gemeente>
    <vo/>
    <bord>
      <uid>{4ad04783-02a7-4887-bdda-18ead5d05b6b}</uid>
      <type>WdRt</type>
      <vorm>rh</vorm>
      <afmeting1>132.0</afmeting1>
      <afmeting2>168.0</afmeting2>
      <tekensymbolen>SCHELDELAND|71</tekensymbolen>
      <beeldvlak/>
      <fabricage>
        <type>Vlak</type>
      </fabricage>
      <omschrevenRechthoek>
        <breedte>132.0</breedte>
        <hoogte>168.0</hoogte>
      </omschrevenRechthoek>
      <categorie>0</categorie>
      <voorstelling>
        <x>0.0</x>
        <y>197.0</y>
      </voorstelling>
      <opstelling>
        <x>-66.0</x>
        <y>1097.0</y>
      </opstelling>
      <afbeelding href="789725_aanzicht2_bord3.svg" wdbBord="true"/>
    </bord>
    <bord>
      <uid>{75892e22-851c-481a-9faf-ca5bd17a4825}</uid>
      <type>WdRt</type>
      <vorm>rh</vorm>
      <afmeting1>132.0</afmeting1>
      <afmeting2>168.0</afmeting2>
      <tekensymbolen>SCHELDELAND|126</tekensymbolen>
      <beeldvlak/>
      <fabricage>
        <type>Vlak</type>
      </fabricage>
      <omschrevenRechthoek>
        <breedte>132.0</breedte>
        <hoogte>168.0</hoogte>
      </omschrevenRechthoek>
      <categorie>0</categorie>
      <voorstelling>
        <x>0.0</x>
        <y>0.0</y>
      </voorstelling>
      <opstelling>
        <x>-66.0</x>
        <y>900.0</y>
      </opstelling>
      <afbeelding href="789725_aanzicht2_bord2.svg" wdbBord="true"/>
    </bord>
    <ontwerptekening href="opst_881147.xml"/>
    <afbeelding href="789725_aanzicht2.svg"/>
    <foto href="789725_aanzicht2_1.jpg">
      <breedte>375.0</breedte>
      <hoogte>500.0</hoogte>
    </foto>
    <dfuid>{5f93013d-62f5-4314-ac84-59f0f168e100}</dfuid>
    <categorie>0</categorie>
    <referentie>wdb_aanzicht:881147</referentie>
    <beheerder>GemeentePuurs-Sint-Amands</beheerder>
    <schaalopst>0.01</schaalopst>
    <schaalref>0.01</schaalref>
    <reflijn>
      <x>145414.3075</x>
      <y>195957.9133</y>
    </reflijn>
    <teverwijderen>false</teverwijderen>
    <historiek>
      <waarde>B</waarde>
      <refuid>{aa1b4518-2172-3608-ab82-d9df4e70dcd5}</refuid>
      <datumhist1>2025-07-22T11:45:16.509+02:00</datumhist1>
      <datumhist2>2025-07-22T11:45:16.509+02:00</datumhist2>
      <dfrefuid>{5f93013d-62f5-4314-ac84-59f0f168e100}</dfrefuid>
    </historiek>
  </opstelling>
</dataset>