<?xml version="1.0" encoding="UTF-8"?>
<ontwerptekening xmlns="http://uitwisseling.sigilo.mow.vlaanderen.be">
  <bord xmlns="">
    <naam>789725_aanzicht2_bord3</naam>
    <x>0.0</x>
    <y>0.0</y>
    <breedte>132.0</breedte>
    <hoogte>168.0</hoogte>
    <pictogram href="789725_aanzicht2_bord3.svg">
      <x>0.0</x>
      <y>0.0</y>
      <breedte>132.0</breedte>
      <hoogte>168.0</hoogte>
      <code/>
      <verkeersbord>false</verkeersbord>
    </pictogram>
  </bord>
  <bord xmlns="">
    <naam>789725_aanzicht2_bord2</naam>
    <x>0.0</x>
    <y>197.0</y>
    <breedte>132.0</breedte>
    <hoogte>168.0</hoogte>
    <pictogram href="789725_aanzicht2_bord2.svg">
      <x>0.0</x>
      <y>0.0</y>
      <breedte>132.0</breedte>
      <hoogte>168.0</hoogte>
      <code/>
      <verkeersbord>false</verkeersbord>
    </pictogram>
  </bord>
</ontwerptekening>