<?xml version="1.0" encoding="UTF-8"?>
<ontwerptekening xmlns="http://uitwisseling.sigilo.mow.vlaanderen.be">
  <bord xmlns="">
    <naam>12647_aanzicht1_bord2</naam>
    <x>0.0</x>
    <y>0.0</y>
    <breedte>400.0</breedte>
    <hoogte>400.0</hoogte>
    <pictogram href="12647_aanzicht1_bord2.svg">
      <x>0.0</x>
      <y>0.0</y>
      <breedte>400.0</breedte>
      <hoogte>400.0</hoogte>
      <code/>
      <verkeersbord>false</verkeersbord>
    </pictogram>
  </bord>
  <bord xmlns="">
    <naam>12647_aanzicht1_bord1</naam>
    <x>0.0</x>
    <y>830.0</y>
    <breedte>200.0</breedte>
    <hoogte>800.0</hoogte>
    <pictogram href="12647_aanzicht1_bord1.svg">
      <x>0.0</x>
      <y>0.0</y>
      <breedte>200.0</breedte>
      <hoogte>800.0</hoogte>
      <code/>
      <verkeersbord>false</verkeersbord>
    </pictogram>
  </bord>
</ontwerptekening>