<?xml version="1.0" encoding="UTF-8"?>
<ontwerptekening xmlns="http://uitwisseling.sigilo.mow.vlaanderen.be">
  <bord xmlns="">
    <naam>12839_aanzicht1_bord1</naam>
    <x>0.0</x>
    <y>660.0</y>
    <breedte>1750.0</breedte>
    <hoogte>300.0</hoogte>
    <pictogram href="12839_aanzicht1_bord1.svg">
      <x>0.0</x>
      <y>0.0</y>
      <breedte>1750.0</breedte>
      <hoogte>300.0</hoogte>
      <code/>
      <verkeersbord>false</verkeersbord>
    </pictogram>
  </bord>
  <bord xmlns="">
    <naam>12839_aanzicht1_bord3</naam>
    <x>0.0</x>
    <y>990.0</y>
    <breedte>1750.0</breedte>
    <hoogte>300.0</hoogte>
    <pictogram href="12839_aanzicht1_bord3.svg">
      <x>0.0</x>
      <y>0.0</y>
      <breedte>1750.0</breedte>
      <hoogte>300.0</hoogte>
      <code/>
      <verkeersbord>false</verkeersbord>
    </pictogram>
  </bord>
  <bord xmlns="">
    <naam>12839_aanzicht1_bord4</naam>
    <x>0.0</x>
    <y>330.0</y>
    <breedte>1750.0</breedte>
    <hoogte>300.0</hoogte>
    <pictogram href="12839_aanzicht1_bord4.svg">
      <x>0.0</x>
      <y>0.0</y>
      <breedte>1750.0</breedte>
      <hoogte>300.0</hoogte>
      <code/>
      <verkeersbord>false</verkeersbord>
    </pictogram>
  </bord>
  <bord xmlns="">
    <naam>12839_aanzicht1_bord2</naam>
    <x>650.0</x>
    <y>0.0</y>
    <breedte>450.0</breedte>
    <hoogte>300.0</hoogte>
    <pictogram href="12839_aanzicht1_bord2.svg">
      <x>0.0</x>
      <y>0.0</y>
      <breedte>450.0</breedte>
      <hoogte>300.0</hoogte>
      <code/>
      <verkeersbord>false</verkeersbord>
    </pictogram>
  </bord>
</ontwerptekening>