<?xml version="1.0" encoding="UTF-8"?>
<ontwerptekening xmlns="http://uitwisseling.sigilo.mow.vlaanderen.be">
  <bord xmlns="">
    <naam>1372566_aanzicht1_bord2</naam>
    <x>214.0</x>
    <y>0.0</y>
    <breedte>1750.0</breedte>
    <hoogte>300.0</hoogte>
    <pictogram href="1372566_aanzicht1_bord2.svg">
      <x>0.0</x>
      <y>0.0</y>
      <breedte>1750.0</breedte>
      <hoogte>300.0</hoogte>
      <code/>
      <verkeersbord>false</verkeersbord>
    </pictogram>
  </bord>
  <bord xmlns="">
    <naam>1372566_aanzicht1_bord1</naam>
    <x>214.0</x>
    <y>330.0</y>
    <breedte>1750.0</breedte>
    <hoogte>300.0</hoogte>
    <pictogram href="1372566_aanzicht1_bord1.svg">
      <x>0.0</x>
      <y>0.0</y>
      <breedte>1750.0</breedte>
      <hoogte>300.0</hoogte>
      <code/>
      <verkeersbord>false</verkeersbord>
    </pictogram>
  </bord>
</ontwerptekening>