<?xml version="1.0" encoding="UTF-8"?>
<dataset xmlns="http://vkb.wegenenverkeer.be">
  <uid>{e3f63b54-c4ce-42bb-a4ca-ab21b350959c}</uid>
  <omschrijving>Inventaris Vlaamse gewestwegen</omschrijving>
  <opstelling>
    <uid>{ddc602f9-bfbf-4f53-8416-1b1206cb39af}</uid>
    <vrijehoogte>1500.0</vrijehoogte>
    <ophanging>Steun</ophanging>
    <coordinaat>
      <x>151385.4475</x>
      <y>207410.4925</y>
    </coordinaat>
    <hoek>6.132169964258226</hoek>
    <gemeente/>
    <vo>
      <ident8>A0120002</ident8>
      <inplanting>R</inplanting>
      <gemeente>Antwerpen</gemeente>
      <kilometerpunt>33.252</kilometerpunt>
      <hectometer>33.2</hectometer>
      <verplaatsing>53.0</verplaatsing>
    </vo>
    <bord>
      <uid>{7a655337-5473-3e05-a6b6-1941820ac74b}</uid>
      <type>C6</type>
      <vorm>ro</vorm>
      <afmeting1>400.0</afmeting1>
      <afmeting2>0.0</afmeting2>
      <tekensymbolen/>
      <beeldvlak>Type III</beeldvlak>
      <fabricage>
        <type>SB250</type>
      </fabricage>
      <omschrevenRechthoek>
        <breedte>400.0</breedte>
        <hoogte>400.0</hoogte>
      </omschrevenRechthoek>
      <categorie>-1</categorie>
      <voorstelling>
        <x>0.0</x>
        <y>430.0</y>
      </voorstelling>
      <opstelling>
        <x>-200.0</x>
        <y>1930.0</y>
      </opstelling>
      <afbeelding href="363550_aanzicht1_bord1.svg" wdbBord="true"/>
    </bord>
    <bord>
      <uid>{099481fe-4e2f-39b1-b72c-3494a537ac58}</uid>
      <type>C43</type>
      <vorm>ro</vorm>
      <afmeting1>400.0</afmeting1>
      <afmeting2>0.0</afmeting2>
      <tekensymbolen>30</tekensymbolen>
      <beeldvlak>Type III</beeldvlak>
      <fabricage>
        <type>SB250</type>
      </fabricage>
      <omschrevenRechthoek>
        <breedte>400.0</breedte>
        <hoogte>400.0</hoogte>
      </omschrevenRechthoek>
      <categorie>-1</categorie>
      <voorstelling>
        <x>0.0</x>
        <y>0.0</y>
      </voorstelling>
      <opstelling>
        <x>-200.0</x>
        <y>1500.0</y>
      </opstelling>
      <afbeelding href="363550_aanzicht1_bord2.svg" wdbBord="true"/>
    </bord>
    <steun>
      <uid>{563f11f6-c668-3008-b8cb-68796a064708}</uid>
      <fabricagetype>SB250</fabricagetype>
      <kleur>Grijs RAL7043</kleur>
      <lengte>2680.0</lengte>
      <voetstuk>
        <omschrijving>300x300x600, LG-51/VG-51/VG-76</omschrijving>
        <breedte>300.0</breedte>
        <diepte>300.0</diepte>
        <hoogte>600.0</hoogte>
        <fabricagetype>SB250</fabricagetype>
      </voetstuk>
      <bodemType>Losse grond</bodemType>
      <lengteBovenGrond>2130.0</lengteBovenGrond>
      <lengteOnderGrond>550.0</lengteOnderGrond>
      <coordinaat>
        <x>0.0</x>
        <y>0.0</y>
      </coordinaat>
      <cirkel>
        <diameter>76.0</diameter>
        <wanddikte>2.9</wanddikte>
      </cirkel>
    </steun>
    <afbeelding href="363550_aanzicht1.svg"/>
    <dfuid>{ddc602f9-bfbf-4f53-8416-1b1206cb39af}</dfuid>
    <categorie>-1</categorie>
    <referentie>wdb_aanzicht:424340</referentie>
    <beheerder>AWV121</beheerder>
    <schaalopst>0.01</schaalopst>
    <schaalref>0.01</schaalref>
    <reflijn>
      <x>151385.4475</x>
      <y>207410.4925</y>
    </reflijn>
    <teverwijderen>false</teverwijderen>
    <historiek>
      <waarde>B</waarde>
      <refuid>{ddc602f9-bfbf-4f53-8416-1b1206cb39af}</refuid>
      <datumhist1>2017-08-06T12:56:05.256+02:00</datumhist1>
    </historiek>
  </opstelling>
  <opstelling>
    <uid>{c0302198-dbde-3965-bdc3-a7e3f9d46ca1}</uid>
    <vrijehoogte>1500.0</vrijehoogte>
    <ophanging>Steun</ophanging>
    <coordinaat>
      <x>151385.4475</x>
      <y>207410.4925</y>
    </coordinaat>
    <hoek>2.9905773106684332</hoek>
    <gemeente/>
    <vo>
      <ident8>A0120002</ident8>
      <inplanting>R</inplanting>
      <gemeente>Antwerpen</gemeente>
      <kilometerpunt>33.252</kilometerpunt>
      <hectometer>33.2</hectometer>
      <verplaatsing>53.0</verplaatsing>
    </vo>
    <bord>
      <uid>{ccaf9ade-59cf-3832-a872-d8f9fd6be218}</uid>
      <type>C1</type>
      <vorm>ro</vorm>
      <afmeting1>400.0</afmeting1>
      <afmeting2>0.0</afmeting2>
      <tekensymbolen/>
      <beeldvlak>Type III</beeldvlak>
      <fabricage>
        <type>SB250</type>
      </fabricage>
      <omschrevenRechthoek>
        <breedte>400.0</breedte>
        <hoogte>400.0</hoogte>
      </omschrevenRechthoek>
      <categorie>-1</categorie>
      <voorstelling>
        <x>0.0</x>
        <y>0.0</y>
      </voorstelling>
      <opstelling>
        <x>-200.0</x>
        <y>1500.0</y>
      </opstelling>
      <afbeelding href="363550_aanzicht2_bord3.svg" wdbBord="true"/>
    </bord>
    <steun>
      <uid>{563f11f6-c668-3008-b8cb-68796a064708}</uid>
      <fabricagetype>SB250</fabricagetype>
      <kleur>Grijs RAL7043</kleur>
      <lengte>2680.0</lengte>
      <voetstuk>
        <omschrijving>300x300x600, LG-51/VG-51/VG-76</omschrijving>
        <breedte>300.0</breedte>
        <diepte>300.0</diepte>
        <hoogte>600.0</hoogte>
        <fabricagetype>SB250</fabricagetype>
      </voetstuk>
      <bodemType>Losse grond</bodemType>
      <lengteBovenGrond>2130.0</lengteBovenGrond>
      <lengteOnderGrond>550.0</lengteOnderGrond>
      <coordinaat>
        <x>0.0</x>
        <y>0.0</y>
      </coordinaat>
      <cirkel>
        <diameter>76.0</diameter>
        <wanddikte>2.9</wanddikte>
      </cirkel>
    </steun>
    <afbeelding href="363550_aanzicht2.svg"/>
    <dfuid>{ddc602f9-bfbf-4f53-8416-1b1206cb39af}</dfuid>
    <categorie>-1</categorie>
    <referentie>wdb_aanzicht:424341</referentie>
    <beheerder>AWV121</beheerder>
    <schaalopst>0.01</schaalopst>
    <schaalref>0.01</schaalref>
    <reflijn>
      <x>151385.4475</x>
      <y>207410.4925</y>
    </reflijn>
    <teverwijderen>false</teverwijderen>
    <historiek>
      <waarde>B</waarde>
      <refuid>{ddc602f9-bfbf-4f53-8416-1b1206cb39af}</refuid>
      <datumhist1>2017-08-06T12:56:05.279+02:00</datumhist1>
    </historiek>
  </opstelling>
</dataset>